created_at,text,File Name,Bank Name,id,author_id,conversation_id
,"Big thanks to Ion Bank for hosting our Give Local video conversation! Stay tuned as we'll be releasing the video shortly.

Friendly reminder: April 8 is the registration deadline for Give Local. Don't miss out ‚Äì register your organization today!

https://t.co/fmLJhw5HcL https://t.co/4GCHXufRNy","tweets_""Ion Bank"" OR #IonBank.csv",Ion Bank,,,
,"üßë‚Äçüéì Struggling with student loan debt? You can effectively manage your balance with the right approach. Check out our latest blog for essential tips on tackling student loan debt head-on! https://t.co/Owyo35pLqB

#studentloandebt #IonBank https://t.co/g6ZvHsyyjw","tweets_""Ion Bank"" OR #IonBank.csv",Ion Bank,,,
,Imma Educator ion bank with Chase..,"tweets_""Ion Bank"" OR #IonBank.csv",Ion Bank,,,
,"Thank you to the 52 parishioners who voted for St. Anthony Church in this year‚Äôs Community Awards Program through the Ion Bank Foundation.¬†We have received $1,300.00! https://t.co/xmy4MT1v2w","tweets_""Ion Bank"" OR #IonBank.csv",Ion Bank,,,
,"üìÑ Old documents? Join us for a FREE Paper Shred Day on Saturday, April 20th! Bring up to 4 boxes to one of three branch locations to be destroyed by the professionals from Shred Smart. Consumers only, no businesses please.

#papershredday #IonBank https://t.co/tWjWfK7cQT","tweets_""Ion Bank"" OR #IonBank.csv",Ion Bank,,,
,"üê∞ Happy Easter from Ion Bank! Wishing you and your loved ones joy, renewal and blessings. May your day be as bright and colorful as an Easter egg!

#easter #happyeaster #IonBank https://t.co/tm76XYgQTM","tweets_""Ion Bank"" OR #IonBank.csv",Ion Bank,,,
,"RT @thedailynu: The Evanston Reparations Committee is partnering with Liberty Bank, depositing $17 million into one of the largest Black-ow‚Ä¶","tweets_""Liberty Bank"" OR #LibertyBank.csv",Liberty Bank,,,
,"The Evanston Reparations Committee is partnering with Liberty Bank, depositing $17 million into one of the largest Black-owned banks in the U.S., it announced Thursday.
‚Äî
Reported by Olivia Mofus https://t.co/n5JFx0wVh5","tweets_""Liberty Bank"" OR #LibertyBank.csv",Liberty Bank,,,
,"Evanston Reparations Fund to be deposited in Black-owned Liberty Bank
https://t.co/TqVJnRlDdy https://t.co/cZz9ubMEZz","tweets_""Liberty Bank"" OR #LibertyBank.csv",Liberty Bank,,,
,Evanston (IL) Reparations Fund to be deposited in Black-owned Liberty Bank https://t.co/6GRBCxMTif https://t.co/uVCKAn7BJU,"tweets_""Liberty Bank"" OR #LibertyBank.csv",Liberty Bank,,,
,"If you thought that Georgian Liberty Bank is something problematic, so you never tried to use Spanish BBVA banking on a daily basis","tweets_""Liberty Bank"" OR #LibertyBank.csv",Liberty Bank,,,
,Evanston #Reparations Fund to be deposited in Black-owned Liberty Bank - https://t.co/DjIoHv0TSu,"tweets_""Liberty Bank"" OR #LibertyBank.csv",Liberty Bank,,,
,Evanston Reparations Fund to be deposited in Black-owned Liberty Bank https://t.co/shsrAadloM,"tweets_""Liberty Bank"" OR #LibertyBank.csv",Liberty Bank,,,
,"@BG_Liberty Bank Name: PalmPay Came across your captivating content on https://t.co/AsgcZMckpB. Your energy is electrifying, keep shining bright! Account Name: fausat adewunmi ayorinde Account No. 7032607871","tweets_""Liberty Bank"" OR #LibertyBank.csv",Liberty Bank,,,
,"Quite a scam pulled by South Africans.
Ashley Chapman Photography in cohorts with Liberty Bank in Florida.

ex brand manager of Ricks Cafe Americaine in Cape Town central run off with the owners money to America","tweets_""Liberty Bank"" OR #LibertyBank.csv",Liberty Bank,,,
,"@Circle_of_Games @TheFishverse @rohittiwari01 In TheFishverse have they already enabled the alternative that allows us to buy and sell crypto assets through the banking entities that we currently have? If so, users from which country will be able to make these purchases?",tweets_Banking Circle US.csv,Ion Bank,1.7755412214544753e+18,,
,"@Circle_of_Games @TheFishverse @rohittiwari01 In #Circle_of_Games have they already enabled the alternative that allows us to buy and sell crypto assets through the banking entities that we currently have? If so, users from which country will be able to make these purchases?",tweets_Banking Circle US.csv,Ion Bank,1.7753960241249364e+18,,
,"@stairwayto3dom Putin. 
In the US money is needed to run for office, and those that provide it want something in return. Then there is the question of who's actually making the policy. Is it the state dept?, the pentagon?, the faceless billionaires from banking &amp; wall St? the pres inner circle?",tweets_Banking Circle US.csv,Ion Bank,1.7742811269679598e+18,,
,RT @ancienttruelove: #Telcoin is raising US$30M for its pre-series A round (US$10M to capitalize #TelcoinBank) to Revolutionize Banking via‚Ä¶,tweets_Banking Circle US.csv,Ion Bank,1.7740958937985106e+18,,
,RT @ancienttruelove: #Telcoin is raising US$30M for its pre-series A round (US$10M to capitalize #TelcoinBank) to Revolutionize Banking via‚Ä¶,tweets_Banking Circle US.csv,Ion Bank,1.7740940194731666e+18,,
,RT @ancienttruelove: #Telcoin is raising US$30M for its pre-series A round (US$10M to capitalize #TelcoinBank) to Revolutionize Banking via‚Ä¶,tweets_Banking Circle US.csv,Ion Bank,1.7740893470142838e+18,,
,"#Telcoin is raising US$30M for its pre-series A round (US$10M to capitalize #TelcoinBank) to Revolutionize Banking via Mobile Financial Global Inclusion @elonmusk @blackrock @cz_binance @Grayscale @circle @CathieDWood @_RichardTeng
@DigitalAssets @Fidelity @ARKInvest https://t.co/ozuBTjMhkQ",tweets_Banking Circle US.csv,Ion Bank,1.7740890150267208e+18,,
,"@circle And CBDC will make Serfs of us all.
It's coming this year.
Look for False Flag Hack of Banking System, then a Bank Holiday, and your accounts converted.
For Security and Safety of course.
The Banksters can't chance if Biden will be re-elected.",tweets_Banking Circle US.csv,Ion Bank,1.7735515155186202e+18,,
,"@Circle_of_Games @TheFishverse @rohittiwari01 In TheFishverse have they already enabled the alternative that allows us to buy and sell crypto assets through the banking entities that we currently have? If so, users from which country will be able to make these purchases?",tweets_Banking Circle US.csv,Ion Bank,,,
,"@Circle_of_Games @TheFishverse @rohittiwari01 In #Circle_of_Games have they already enabled the alternative that allows us to buy and sell crypto assets through the banking entities that we currently have? If so, users from which country will be able to make these purchases?",tweets_Banking Circle US.csv,Ion Bank,,,
,"@stairwayto3dom Putin. 
In the US money is needed to run for office, and those that provide it want something in return. Then there is the question of who's actually making the policy. Is it the state dept?, the pentagon?, the faceless billionaires from banking &amp; wall St? the pres inner circle?",tweets_Banking Circle US.csv,Ion Bank,,,
,RT @ancienttruelove: #Telcoin is raising US$30M for its pre-series A round (US$10M to capitalize #TelcoinBank) to Revolutionize Banking via‚Ä¶,tweets_Banking Circle US.csv,Ion Bank,,,
,RT @ancienttruelove: #Telcoin is raising US$30M for its pre-series A round (US$10M to capitalize #TelcoinBank) to Revolutionize Banking via‚Ä¶,tweets_Banking Circle US.csv,Ion Bank,,,
,RT @ancienttruelove: #Telcoin is raising US$30M for its pre-series A round (US$10M to capitalize #TelcoinBank) to Revolutionize Banking via‚Ä¶,tweets_Banking Circle US.csv,Ion Bank,,,
,"#Telcoin is raising US$30M for its pre-series A round (US$10M to capitalize #TelcoinBank) to Revolutionize Banking via Mobile Financial Global Inclusion @elonmusk @blackrock @cz_binance @Grayscale @circle @CathieDWood @_RichardTeng
@DigitalAssets @Fidelity @ARKInvest https://t.co/ozuBTjMhkQ",tweets_Banking Circle US.csv,Ion Bank,,,
,"@circle And CBDC will make Serfs of us all.
It's coming this year.
Look for False Flag Hack of Banking System, then a Bank Holiday, and your accounts converted.
For Security and Safety of course.
The Banksters can't chance if Biden will be re-elected.",tweets_Banking Circle US.csv,Ion Bank,,,
,RT @HartfordBiz: Thomaston Savings Bank has promoted a longtime employee who began her career as a teller to the position of executive vice‚Ä¶,"tweets_""Thomaston Savings Bank"" OR #ThomastonSavingsBank.csv",Thomaston Savings Bank,,,
,"Thomaston Savings Bank has promoted a longtime employee who began her career as a teller to the position of executive vice president and chief financial officer.

https://t.co/UzePqBzH8d","tweets_""Thomaston Savings Bank"" OR #ThomastonSavingsBank.csv",Thomaston Savings Bank,,,
,@BenBerke6 We used to have big laughs auditing community banks in Fall River 20 years ago. Not many things more depressing than the dark and cold inside of citizens union savings bank in the winter overlooking the braga bridge,"tweets_""Union Savings Bank"" OR #UnionSavingsBank.csv",Union Savings Bank,,,
,"RT @helpmum_ng: Our very own HelpMum Africa superstar, Dr. Eniweke, will be in London next week attending the Skoll World Forum. Also, Dr.‚Ä¶",tweets_DR Bank.csv,Chelsea Gronto Bank,,,
,"NNEKA ONYEALI - IKPE, OON
GROUP MANAGING DIRECTOR/CHIEF EXECUTIVE OFFICER OF FIDELITY BANK. 
WOMEN MAKING A DIFFERENCE IN LEADERSHIP. 
BUY A COPY OF THE BOOK. 
CONTACT: DR. OKECHUKWU IWEGBU 
EMAIL: okechukwuiwegbu67@gmail.com 
+2348025603051 https://t.co/9Q7UjHWfx0",tweets_DR Bank.csv,Chelsea Gronto Bank,,,
,"RT @iammegaken: A man who can successfully Merge 4 Financial Institutions under very difficult times, and later led His Institution to acqu‚Ä¶",tweets_DR Bank.csv,Chelsea Gronto Bank,,,
,"@Dr_TheHistories Escape From Alcatraz üèØ

Frank Morris, along with brothers Clarence and John Anglin, successfully escaped from the maximum-security prison on Alcatraz Island, located in San Francisco Bay, California. They were serving sentences for various crimes, including bank robbery. The‚Ä¶ https://t.co/HBWJxnTt4A",tweets_DR Bank.csv,Chelsea Gronto Bank,,,
,RT @MEMRIReports: Fatah Spokesman Dr. Jamal Nazzal: Hamas Is Inciting the Public against the Jordanian Government; Iran Is Creating Dens in‚Ä¶,tweets_DR Bank.csv,Chelsea Gronto Bank,,,
,RT @MEMRIReports: Fatah Spokesman Dr. Jamal Nazzal: Hamas Is Inciting the Public against the Jordanian Government; Iran Is Creating Dens in‚Ä¶,tweets_DR Bank.csv,Chelsea Gronto Bank,,,
,"@vijaythottathil Dr Singh came to be PM because Rajiv Gandhi died otherwise he was no more than Reserve Bank governor. In between, after R.Gandhi demise, there came to be six PM but all were proved to be failed experiment. Why did not in that course  the name of Dr Singh strike to to anybody? He‚Ä¶ https://t.co/wK0gJMRCYE",tweets_DR Bank.csv,Chelsea Gronto Bank,,,
,RT @MEMRIReports: Fatah Spokesman Dr. Jamal Nazzal: Hamas Is Inciting the Public against the Jordanian Government; Iran Is Creating Dens in‚Ä¶,tweets_DR Bank.csv,Chelsea Gronto Bank,,,
,"https://t.co/mdE4Jn3AVU

Can‚Äôt wait to get my hands back on my night time hat

It‚Äôs $100 can I ask 
You could drop it to my bank account using email and Interac maybe we could even get the mad hatter experience back up DrHatterZ@gmail.com 

I just want to make happy people 
Dr",tweets_DR Bank.csv,Chelsea Gronto Bank,,,
,"RT @stan_okocha: Dr. Ighodalo's impressive track record of successfully leading major corporations such as Dangote Flour Mills,Sterling Ban‚Ä¶",tweets_DR Bank.csv,Chelsea Gronto Bank,,,
,RT @waltermzembi: The most encouraging attribute out of  the recent appointment of the new Reserve Bank Governor Dr John Mushayavanhu is hi‚Ä¶,tweets_DR Bank.csv,Chelsea Gronto Bank,,,
,President Mnangagwa today visited the Reserve Bank of Zimbabwe where he witnessed the handover of the stewardship of the bank by former Governor Dr John Mangudya to the incoming Governor Dr John Mushayavanhu. https://t.co/xbFyprfRjP,tweets_DR Bank.csv,Chelsea Gronto Bank,,,
,"RT @iammegaken: A man who can successfully Merge 4 Financial Institutions under very difficult times, and later led His Institution to acqu‚Ä¶",tweets_DR Bank.csv,Chelsea Gronto Bank,,,
,RT @waltermzembi: The most encouraging attribute out of  the recent appointment of the new Reserve Bank Governor Dr John Mushayavanhu is hi‚Ä¶,tweets_DR Bank.csv,Chelsea Gronto Bank,,,
,"@CollinRugg Joe's Classified Documents, Hunter's laptop, Ashley's Diary, brother Jim's Bank Accounts...I wonder what smoochin' Dr. Jill has in her hat boxes?",tweets_DR Bank.csv,Chelsea Gronto Bank,,,
,"RT @dereckgoto: Strategic Currency Overhaul: President Mnangagwa's Gold-Backed Currency Initiative 

His Excellency President Dr. ED Mnanga‚Ä¶",tweets_DR Bank.csv,Chelsea Gronto Bank,,,
,"@farooqtariq @economistayesha @NajamAli2020 ‚ÄúLook at the quality of its leaders‚Äù 
So true look at Dr Sania, Taimur Jhagra, Barrister Taimur Malik, Salman Akram Raja, Senator Faisal Rahman and many more!
Surely no one will hire them as bank teller bcoz they are hired in org like Gaviü§∑‚Äç‚ôÇÔ∏è
Stop being a hypocrite Najam!",tweets_DR Bank.csv,Chelsea Gronto Bank,,,
,RT @MEMRIReports: Fatah Spokesman Dr. Jamal Nazzal: Hamas Is Inciting the Public against the Jordanian Government; Iran Is Creating Dens in‚Ä¶,tweets_DR Bank.csv,Chelsea Gronto Bank,,,
,RT @waltermzembi: The most encouraging attribute out of  the recent appointment of the new Reserve Bank Governor Dr John Mushayavanhu is hi‚Ä¶,tweets_DR Bank.csv,Chelsea Gronto Bank,,,
,"RT @iammegaken: A man who can successfully Merge 4 Financial Institutions under very difficult times, and later led His Institution to acqu‚Ä¶",tweets_DR Bank.csv,Chelsea Gronto Bank,,,
,"A man who can successfully Merge 4 Financial Institutions under very difficult times, and later led His Institution to acquire another Bank, truly understand what will boost the investment and MSME‚Äôs in Nigeria and Edo state in particular.

Dr Asue Ighodalo.
#AsueIghodalo2024 https://t.co/RQNdwaRUja",tweets_DR Bank.csv,Chelsea Gronto Bank,,,
,RT @waltermzembi: The most encouraging attribute out of  the recent appointment of the new Reserve Bank Governor Dr John Mushayavanhu is hi‚Ä¶,tweets_DR Bank.csv,Chelsea Gronto Bank,,,
,RT @waltermzembi: The most encouraging attribute out of  the recent appointment of the new Reserve Bank Governor Dr John Mushayavanhu is hi‚Ä¶,tweets_DR Bank.csv,Chelsea Gronto Bank,,,
,RT @waltermzembi: The most encouraging attribute out of  the recent appointment of the new Reserve Bank Governor Dr John Mushayavanhu is hi‚Ä¶,tweets_DR Bank.csv,Chelsea Gronto Bank,,,
,"Please Join me &amp; our Chief Economist, Dr. Sherry Cooper, on April 10th at 11:30am PT / 2:30pm ET LIVE on Facebook!
We will discuss the latest updates from the Bank of Canada, rate hikes on housing &amp; the economy &amp; so much more!! 
Visit https://t.co/cUYMuJLjP6 to tune in. https://t.co/fwfUWKqsea",tweets_DR Bank.csv,Chelsea Gronto Bank,,,
,RT @waltermzembi: The most encouraging attribute out of  the recent appointment of the new Reserve Bank Governor Dr John Mushayavanhu is hi‚Ä¶,tweets_DR Bank.csv,Chelsea Gronto Bank,,,
,RT @nrajabpcl: @ShivVeekay @nair_nandu08 @neerangautam @nrajabpcla @sreeramjvc @Stuti8220 @u_sathyan @tmmenon @GauravModified @ArunDeshpand‚Ä¶,tweets_DR Bank.csv,Chelsea Gronto Bank,,,
,"RT @AnnanPerry: The COCOBOD members who were bought the Ghs 4,500 magic iPad keyboard include; Dr. Ernest Addison, Governor of the Bank of‚Ä¶",tweets_DR Bank.csv,Chelsea Gronto Bank,,,
,RT @waltermzembi: The most encouraging attribute out of  the recent appointment of the new Reserve Bank Governor Dr John Mushayavanhu is hi‚Ä¶,tweets_DR Bank.csv,Chelsea Gronto Bank,,,
,"$AAVE Lets go!

@JordanF99636738 @RahulBh67569678 @decent_Deepak @JennAray144 @Bellini83820221 @al2maidana @ahmadreza432 @BaimW1033872 @Artworken @blackjack_bank @Latonia61674685 @Rizi86 @dr_coen @karloluf @mjackson_sydney

https://t.co/Vt5FPXsEKh",tweets_DR Bank.csv,Chelsea Gronto Bank,,,
,RT @MEMRIReports: Fatah Spokesman Dr. Jamal Nazzal: Hamas Is Inciting the Public against the Jordanian Government; Iran Is Creating Dens in‚Ä¶,tweets_DR Bank.csv,Chelsea Gronto Bank,,,
,RT @ViewsofMM22: CBM Deputy Governor Dr. Lin Aung Attends ASEAN Finance and Central Bank Deputies Meeting and @ASEAN Central Bank Deputies‚Ä¶,tweets_DR Bank.csv,Chelsea Gronto Bank,,,
,RT @waltermzembi: The most encouraging attribute out of  the recent appointment of the new Reserve Bank Governor Dr John Mushayavanhu is hi‚Ä¶,tweets_DR Bank.csv,Chelsea Gronto Bank,,,
,RT @waltermzembi: The most encouraging attribute out of  the recent appointment of the new Reserve Bank Governor Dr John Mushayavanhu is hi‚Ä¶,tweets_DR Bank.csv,Chelsea Gronto Bank,,,
,"A Montessori training Guduvancheri,  is a best flatform for who wish to become a perfect teacher.

TEAM EDUCATIONAL INSTITUTION
https://t.co/AYIORHNfdA
ESI Church, 3/177, Dr.Ambedkar street, Mudichur Opp to City Union bank Mudichur, Chennai, Tamil Nadu 600048 https://t.co/vU4ZzAkwS2",tweets_DR Bank.csv,Chelsea Gronto Bank,,,
,RT @waltermzembi: The most encouraging attribute out of  the recent appointment of the new Reserve Bank Governor Dr John Mushayavanhu is hi‚Ä¶,tweets_DR Bank.csv,Chelsea Gronto Bank,,,
,RT @waltermzembi: The most encouraging attribute out of  the recent appointment of the new Reserve Bank Governor Dr John Mushayavanhu is hi‚Ä¶,tweets_DR Bank.csv,Chelsea Gronto Bank,,,
,"Jop opportunities are sufficient in childhood education who has completed MONTESSORI TEACHER TRAINING
TEAM EDUCATIONAL INSTITUTION
https://t.co/AYIORHNfdA
ESI Church, 3/177, Dr.Ambedkar street, Mudichur Opp to City Union bank Mudichur, Chennai, Tamil Nadu 600048 https://t.co/AuaMYYPBNl",tweets_DR Bank.csv,Chelsea Gronto Bank,,,
,RT @MEMRIReports: Fatah Spokesman Dr. Jamal Nazzal: Hamas Is Inciting the Public against the Jordanian Government; Iran Is Creating Dens in‚Ä¶,tweets_DR Bank.csv,Chelsea Gronto Bank,,,
,RT @waltermzembi: The most encouraging attribute out of  the recent appointment of the new Reserve Bank Governor Dr John Mushayavanhu is hi‚Ä¶,tweets_DR Bank.csv,Chelsea Gronto Bank,,,
,"$TSLA  $SPY $SONG  Dimeco, Inc. (DIMC: OTCQX U.S. Premier) | The Dime Bank (DIMC) Ferdinand Feola Appointed to ICBA Cyber and Data Security Committee https://t.co/ra91CRKnaT $QQQ $AAPL $BTC","tweets_""Dime Bank"" OR #DimeBank.csv",Dime Bank,,,
,"RT @Jake_P_Noch: $SPY $SONG $QQQ Dimeco, Inc. (DIMC: OTCQX U.S. Premier) | The Dime Bank (DIMC) Ferdinand Feola Appointed to ICBA Cyber and‚Ä¶","tweets_""Dime Bank"" OR #DimeBank.csv",Dime Bank,,,
,"$SPY $SONG $QQQ Dimeco, Inc. (DIMC: OTCQX U.S. Premier) | The Dime Bank (DIMC) Ferdinand Feola Appointed to ICBA Cyber and Data Security Committee https://t.co/izMUxLb5tq $BTC","tweets_""Dime Bank"" OR #DimeBank.csv",Dime Bank,,,
,"@cassy_collins_ Yes, I was managing the monarch then and we gave the hall to the winners for a ridiculous amount. Way cheap because of bellanaija and a bank. The couple didn‚Äôt spend a dime including souvenirs",tweets_Dime Bank.csv,Dime Bank,,,
,RT @GoddessBabeC: Goon hard at My fat perfect ass and tight pretty asshole. I‚Äôll NEVER stop terrorizing and taking every last dime from you‚Ä¶,tweets_Dime Bank.csv,Dime Bank,,,
,RT @GoddessBabeC: My perfect toned abs and fat superior ass deserve every last dime from your bank accounts‚ú®ü©∑ https://t.co/h0aBF4tNeZ,tweets_Dime Bank.csv,Dime Bank,,,
,"@JoeMamba33 Do you think Kenny gives a crap if a bunch of nobodies on Twitter cry while he‚Äôs living the high life on Louisville‚Äôs dime? I‚Äôm sure he cries all the way to the bank . ‚ÄúOh no, Joemamba33 isn‚Äôt a forgiving person üò≠‚Äù üòÇü§£üíÄ",tweets_Dime Bank.csv,Dime Bank,,,
,@JezCorden Stop Payment at the bank works wonders. They'll never get a dime.,tweets_Dime Bank.csv,Dime Bank,,,
,"RT @lose2antenora: You grovel harder and harder at my sweaty feet, pathetically begging for a huff, maybe even a lick. You even hand over y‚Ä¶",tweets_Dime Bank.csv,Dime Bank,,,
,"@baby_letsgo Hmmmm unlikely, most of the time when people are said to have this much money it's counting assets and things of value like her brand. It's pretty uncommon for them to have that reported number of dollars sitting in a bank account to be liquidated on a dime.",tweets_Dime Bank.csv,Dime Bank,,,
,@realTuckFrumper @Kelly25446350 At this point why would anyone give this man a dime? I can hardly wait for this bank to realize that they just pissed away $175 million that they are never getting back.,tweets_Dime Bank.csv,Dime Bank,,,
,"RT @lose2antenora: You grovel harder and harder at my sweaty feet, pathetically begging for a huff, maybe even a lick. You even hand over y‚Ä¶",tweets_Dime Bank.csv,Dime Bank,,,
,"RT @lose2antenora: You grovel harder and harder at my sweaty feet, pathetically begging for a huff, maybe even a lick. You even hand over y‚Ä¶",tweets_Dime Bank.csv,Dime Bank,,,
,"RT @lose2antenora: You grovel harder and harder at my sweaty feet, pathetically begging for a huff, maybe even a lick. You even hand over y‚Ä¶",tweets_Dime Bank.csv,Dime Bank,,,
,"Over 1.5 bn people globally have no bank account. That‚Äôs why seamless onboarding into Web3 is required. 

At @ZeshApps we do everything behind the scenes, and the users don't have to spend a dime‚ù§Ô∏è https://t.co/KkiQgwAYeO",tweets_Dime Bank.csv,Dime Bank,,,
,"RT @lose2antenora: You grovel harder and harder at my sweaty feet, pathetically begging for a huff, maybe even a lick. You even hand over y‚Ä¶",tweets_Dime Bank.csv,Dime Bank,,,
,"RT @lose2antenora: You grovel harder and harder at my sweaty feet, pathetically begging for a huff, maybe even a lick. You even hand over y‚Ä¶",tweets_Dime Bank.csv,Dime Bank,,,
,"RT @lose2antenora: You grovel harder and harder at my sweaty feet, pathetically begging for a huff, maybe even a lick. You even hand over y‚Ä¶",tweets_Dime Bank.csv,Dime Bank,,,
,RT @GoddessBabeC: Goon hard at My fat perfect ass and tight pretty asshole. I‚Äôll NEVER stop terrorizing and taking every last dime from you‚Ä¶,tweets_Dime Bank.csv,Dime Bank,,,
,"You grovel harder and harder at my sweaty feet, pathetically begging for a huff, maybe even a lick. You even hand over your entire wallet, bank info and all. Before you know it, I'm slowly draining every dime you own while smooshing my stinky, grimy work feet into your nose https://t.co/MR2fMArXbf",tweets_Dime Bank.csv,Dime Bank,,,
,"Blah blah blah, what did you do with all that money you got from China? How much of the money u gave Ukraine did u put in ur pocket and what Swiss bank is it in. America will seize every dime from u where every you‚Äôve hid it https://t.co/LCu3QbMgir",tweets_Dime Bank.csv,Dime Bank,,,
,Travel nirvana doesn't have to break the bank! üòéüí∏ Pack your wanderlust wisely for dreamy trips on a dime! #BudgetTravels #WanderlustLife #MoneySaversTip https://t.co/4SrMSJ4zfg,tweets_Dime Bank.csv,Dime Bank,,,
,"I just need to clear easybuy money, I bought phone from them &amp; it's remaining 10k to pay up but u currently don't have a dime to pay &amp; it'll expire in 3days time. I don't want dos pple calling contact on my phone. Pls help me out

0038179771
Access Bank https://t.co/BU8iKzXY0z",tweets_Dime Bank.csv,Dime Bank,,,
,"On this week's WCBS Business Spotlight, sponsored by Dime Community Bank, learn about Li-Lac, the oldest chocolate house in Manhattan dating back more than 100 years! 

Click here to learn more: https://t.co/CwZTlrWcXp",tweets_Dime Bank.csv,Dime Bank,,,
,@VALELORDX Not to mention that she probably won‚Äôt even invest a dime into any assets and have it rotting in the bank,tweets_Dime Bank.csv,Dime Bank,,,
,"@medi8this @glennkirschner2 Are her bank records public record because she‚Äôs also in court for being a home wrecker and banging her boss? And a whistleblower dropped a dime on her illicit relationship because it‚Äôs a blatant conflict of interest? 

If so, I say, go for it",tweets_Dime Bank.csv,Dime Bank,,,
,BRO REALLY BREAKING THE BANK NOW. Fr tho if 35 cents more is what it cost to give someome a job that can keep a roof over their heads then fuck it heres a dime and a quarter go do a housing https://t.co/fPZVJI4psz,tweets_Dime Bank.csv,Dime Bank,,,
,"RT @Black2Conscious: @bevmills1959 @Lebona_cabonena It's a fact, if HE stole a dime HE was gonna rot in jail. There's no journalist in SA w‚Ä¶",tweets_Dime Bank.csv,Dime Bank,,,
,"RT @newrepublic: On Monday night, it emerged that the only group willing to loan Trump a dime to cover the $175 million bond from his New Y‚Ä¶",tweets_Dime Bank.csv,Dime Bank,,,
,"Nah our girl doesn‚Äôt even give a dime , I love you sm .ü§£‚ù§Ô∏è

ZINTLEZEE THEIR MOTHER 
BANK ON ZINTLE MOFOKENG 
#ZintleZeeMofokeng 
#ZintleMofokeng
#ZintleZee 
#bbmzansi https://t.co/p2vMwgMTjH",tweets_Dime Bank.csv,Dime Bank,,,
,"RT @newrepublic: On Monday night, it emerged that the only group willing to loan Trump a dime to cover the $175 million bond from his New Y‚Ä¶",tweets_Dime Bank.csv,Dime Bank,,,
,"RT @newrepublic: On Monday night, it emerged that the only group willing to loan Trump a dime to cover the $175 million bond from his New Y‚Ä¶",tweets_Dime Bank.csv,Dime Bank,,,
,"$TSLA  $SPY $SONG  Dimeco, Inc. (DIMC: OTCQX U.S. Premier) | The Dime Bank (DIMC) Ferdinand Feola Appointed to ICBA Cyber and Data Security Committee https://t.co/ra91CRKnaT $QQQ $AAPL $BTC",tweets_Dime Bank.csv,Dime Bank,,,
,"RT @Jake_P_Noch: $SPY $SONG $QQQ Dimeco, Inc. (DIMC: OTCQX U.S. Premier) | The Dime Bank (DIMC) Ferdinand Feola Appointed to ICBA Cyber and‚Ä¶",tweets_Dime Bank.csv,Dime Bank,,,
,"$SPY $SONG $QQQ Dimeco, Inc. (DIMC: OTCQX U.S. Premier) | The Dime Bank (DIMC) Ferdinand Feola Appointed to ICBA Cyber and Data Security Committee https://t.co/izMUxLb5tq $BTC",tweets_Dime Bank.csv,Dime Bank,,,
,@GuntherEagleman We are not the world's piggy bank.  Not another dime,tweets_Dime Bank.csv,Dime Bank,,,
,"Public service around the world, most especially those in sub Saharan Africa should leverage on insights from #bureaucracylab of the World Bank.  https://t.co/p1tlaIonXU via @WorldBank",tweets_Dime Bank.csv,Dime Bank,,,
,"RT @newrepublic: On Monday night, it emerged that the only group willing to loan Trump a dime to cover the $175 million bond from his New Y‚Ä¶",tweets_Dime Bank.csv,Dime Bank,,,
,"RT @newrepublic: On Monday night, it emerged that the only group willing to loan Trump a dime to cover the $175 million bond from his New Y‚Ä¶",tweets_Dime Bank.csv,Dime Bank,,,
,"RT @newrepublic: On Monday night, it emerged that the only group willing to loan Trump a dime to cover the $175 million bond from his New Y‚Ä¶",tweets_Dime Bank.csv,Dime Bank,,,
,"RT @newrepublic: On Monday night, it emerged that the only group willing to loan Trump a dime to cover the $175 million bond from his New Y‚Ä¶",tweets_Dime Bank.csv,Dime Bank,,,
,"RT @newrepublic: On Monday night, it emerged that the only group willing to loan Trump a dime to cover the $175 million bond from his New Y‚Ä¶",tweets_Dime Bank.csv,Dime Bank,,,
,"RT @newrepublic: On Monday night, it emerged that the only group willing to loan Trump a dime to cover the $175 million bond from his New Y‚Ä¶",tweets_Dime Bank.csv,Dime Bank,,,
,"@_puppymkim aku kl nyimpen duit gak pernah berani di e wallet kaaa, tp aku selalu pake d4n4 buat numpang lewat transfer gratis &gt; 50k ü§£ soalnya topup dr bank free kl &gt; 50k :3","tweets_""DR Bank"" OR #DRBank.csv",Bankwell Bank,,,
,"@mimosapudica99 @Strategi_Bisnis Tarikin dr bank digital. Bank biasa aja dl. Bank digital mulai bikin kantor, jd operasional mulai bengkak","tweets_""DR Bank"" OR #DRBank.csv",Bankwell Bank,,,
,"@CNNIndonesia Karakter syariah itu meringankan dan berpihak pd yg lemah dan butuh, jd klo nilai transaksi lebih tinggi dr bank konvensional patut dipertanyakan syariahnya","tweets_""DR Bank"" OR #DRBank.csv",Bankwell Bank,,,
,"@ibnux ini pake Qris Gopay apa QRIS dr Bank?
ide bagus nih.. ü§≠ü´∞üî•","tweets_""DR Bank"" OR #DRBank.csv",Bankwell Bank,,,
,"RT @taofan_pratama: @islamidotco @na_dirs Setelah ikut sebuah majelis pengajian, teman baik saya yg sdh punya usaha bengkel yg maju sampai‚Ä¶","tweets_""DR Bank"" OR #DRBank.csv",Bankwell Bank,,,
,"@tanyakanrl Ak pake dana cuman buat bayar parkir, top up dr bank buat bayar parkir doang","tweets_""DR Bank"" OR #DRBank.csv",Bankwell Bank,,,
,@PoponDisini @bankmandiri Mantap memang persiapan dr bank mandiri,"tweets_""DR Bank"" OR #DRBank.csv",Bankwell Bank,,,
,"RT @marlim1969: @nurinsw @agama_nusantara Ada crita, temen resign dr bank konvensional dgn alasan riba, trus jualan makanan ke bank ex dia‚Ä¶","tweets_""DR Bank"" OR #DRBank.csv",Bankwell Bank,,,
,"RT @dendiriandi: Klo mau resign dr bank krn riba, ya bisa pindah ke bank syariah kan.
Atau klo mau menjauhi perbankan bisa pindah ke perusa‚Ä¶","tweets_""DR Bank"" OR #DRBank.csv",Bankwell Bank,,,
,Aku lupa banget dana kalau top up dr bank ada biaya adminnya :),"tweets_""DR Bank"" OR #DRBank.csv",Bankwell Bank,,,
,@mellodiac Kmrn jg dpt dr Bank Jatim,"tweets_""DR Bank"" OR #DRBank.csv",Bankwell Bank,,,
,@ilysmwonpil kak mjb klo tf dr bank biasa ke situ atas nama bank apa? ttp line bank kah? trus bisa tarik tunai berarti?,"tweets_""DR Bank"" OR #DRBank.csv",Bankwell Bank,,,
,"@MichelleKalehz1 @ahmed_fawzy0000 @Boom_ThatHurt I am no longer surprised you tell truth with complete fairness,Dr. Bank interest one of five biggest sins in Islam after  multiplicity of gods. killing . usury  adultery.theft. Interest or usury greater than adultery who do these five will enter Hell if he does not repent of them","tweets_""DR Bank"" OR #DRBank.csv",Bankwell Bank,,,
,Guys ternyata harus pake bca kirain bisa dr bank lain jugaüò≠üò≠üò≠ Buat yg punya atm bca ada yg mau tolongin aku gaküò≠,"tweets_""DR Bank"" OR #DRBank.csv",Bankwell Bank,,,
,"@freethink32 @NyaiiBubu @jokowi @gibran_tweet @officialMKRI Kan sudah di jelaskan, bhw wktnya memang diberikan di awal tahun spt thn‚Äù sblumnya kecuali 2023 krn ada perubahan cara penyaluran dr bank ke ktr pos mknya agak terlambat. Biasakan denger dgn seksama sblum komen","tweets_""DR Bank"" OR #DRBank.csv",Bankwell Bank,,,
,@mandiricare min ini saya ditelpon bilangnya dr Bank Mandiri tp nanya nanya detail CC saya sampai ke bulan &amp; tahun exp. Apa benar ini nomor bank mandiri? https://t.co/eBnGLqrOo3,"tweets_""DR Bank"" OR #DRBank.csv",Bankwell Bank,,,
,@siskamardianti @offlzine @tanyakanrl Aku ga merasa rugi krn adekku rejekinya dr bank,"tweets_""DR Bank"" OR #DRBank.csv",Bankwell Bank,,,
,@tanyakanrl rugi bgt selalu gw trf ke gopay biar dr gopay ke bank lain gratis dan dr bank ke gopay cm 1000 wkwkw,"tweets_""DR Bank"" OR #DRBank.csv",Bankwell Bank,,,
,"@tanyakanrl Sbg anak kos, rugi bgtüòµ ga cm tf bank aja, kadang topup ewallet dr bank ada adminnya jg.. kea yaampunü§í","tweets_""DR Bank"" OR #DRBank.csv",Bankwell Bank,,,
,"@blablabilla Setau aku ngga bisa ka, pilihan payment VA harus dr bank masing‚Äù krn tiap bank punya kode sendiri‚Äù","tweets_""DR Bank"" OR #DRBank.csv",Bankwell Bank,,,
,"@yuutaksi Bisa lapor ke bank gasih ka ? Nanti duitnya di tarik dr bank terkait, soalnya temenku pernah dpt duit ghaib besoknya ilang","tweets_""DR Bank"" OR #DRBank.csv",Bankwell Bank,,,
,"RT @LolyLoly_15: Aroma Duit Baru, yg keluar dr Bank ü§ëü§ëü§ë","tweets_""DR Bank"" OR #DRBank.csv",Bankwell Bank,,,
,Ape doh bank mintak dkt audit draft sijil baki akhir bank? Bodo ke apaa. Benda tu bank je ada draft sbb dr bank bukan dr audit. Ee bodo ke?,"tweets_""DR Bank"" OR #DRBank.csv",Bankwell Bank,,,
,@BNICustomerCare @BNI fitur terima dana QRIS BNI itu bisa digunakan utk menerima transfer uang dr Bank lain kan? Brp lama prosesnya uangnya masuk?,"tweets_""DR Bank"" OR #DRBank.csv",Bankwell Bank,,,
,"@Nataputra12174 @kadrunmampos Tetangga saya keluar dr bank malah hidupnya semakin makmur membuka usaha sendiri di bidang jasa manajemen keuangan dan audit. Klu jadi pegawai bank, gajinya sudah ditakar sedangkan beban kerja berat (kerja rodi)","tweets_""DR Bank"" OR #DRBank.csv",Bankwell Bank,,,
,@jjkcollector biasanya kepotong kalo dr bank ke dana 500p,"tweets_""DR Bank"" OR #DRBank.csv",Bankwell Bank,,,
,@KRisnaSaktixzc @bankmandiri Luar biasa sekali memang prestasi dr bank mandiri,"tweets_""DR Bank"" OR #DRBank.csv",Bankwell Bank,,,
,dr bank https://t.co/KE4hBtyqrC,"tweets_""DR Bank"" OR #DRBank.csv",Bankwell Bank,,,
,@AddictThai bifast suka error kakk emg nya dr bank apa k apa kak?,"tweets_""DR Bank"" OR #DRBank.csv",Bankwell Bank,,,
,@miyyulucky kangen transferan dr bank indonesia ‚òπÔ∏èüòî,"tweets_""DR Bank"" OR #DRBank.csv",Bankwell Bank,,,
,"Dari war tadi @DyandraGlobal pls reconsider deh sistem membership, kalo make membership tolong bgt yg VIP tuh kuotanya full buat membership, kalo kyk gini mending semua di GS-in, gaada beda sama yg presale. Tolong bgt bedain presale membership sm dpt partnership dr bank üôè","tweets_""DR Bank"" OR #DRBank.csv",Bankwell Bank,,,
,RT @Nataputra12174: @kadrunmampos Sama kaya tetangga gw..keluar dr bank..keuangan susah minta kerjaan ke gw .gw bilang loe mau jadi sales g‚Ä¶,"tweets_""DR Bank"" OR #DRBank.csv",Bankwell Bank,,,
,"@hirtachino Hi kak, mohon maaf mengenai topup saldo shopeePay dr bank btn yg blm masuk mimin saranin km dapat menunggu 1x24 jam dr waktu km topup, namun jika sudah lewat waktu yg aku infokan, bisa DM aku utk cek lebih lanjut, terima kasih üôè","tweets_""DR Bank"" OR #DRBank.csv",Bankwell Bank,,,
,@flipacross I went to the Suporn Clinic in Thailand because the post op care is really good (daily nurse check ins and biweekly surgeon check ups for the month after). Dr Bank is lovely and it's fantastic having the community around you during the start of recovery,"tweets_""DR Bank"" OR #DRBank.csv",Bankwell Bank,,,
,RT @Nataputra12174: @kadrunmampos Sama kaya tetangga gw..keluar dr bank..keuangan susah minta kerjaan ke gw .gw bilang loe mau jadi sales g‚Ä¶,"tweets_""DR Bank"" OR #DRBank.csv",Bankwell Bank,,,
,"dapet hampers dr bank dki segede gaban, tp topangannya kurang kuat alhasil sirupnya pecahüò≠","tweets_""DR Bank"" OR #DRBank.csv",Bankwell Bank,,,
,@sbyfess WOY INI DR BANK MEKAR AWOWKWKKW LIAT @bforbacoon,"tweets_""DR Bank"" OR #DRBank.csv",Bankwell Bank,,,
,"@kadrunmampos Itu uang yg kau pakai utk mkn, utk pakaian dan rmh kau tinggali uangnya produk dr bank, artinya kau mkn itu dr riba, dr produk haram...yg bicara dan mendengar sama munafiknya","tweets_""DR Bank"" OR #DRBank.csv",Bankwell Bank,,,
,"Sodaraku seumuranku 3 hari ini ngepost dikasi hampers dr Bank BCA, Bank Jatim, Bank BRI tulisannya sebagai ‚ú®nasabah prioritas‚ú®","tweets_""DR Bank"" OR #DRBank.csv",Bankwell Bank,,,
,@HaloBCA yaamplopppp masalahnya jauh dr banküò≠ pffttttttt,"tweets_""DR Bank"" OR #DRBank.csv",Bankwell Bank,,,
,"RT @nudhar112: @worksfess ribuan orang orang pengen resign dr bank riba, Alhamdulillah km dikasih jalan","tweets_""DR Bank"" OR #DRBank.csv",Bankwell Bank,,,
,"@nrutea bisa kak, aku pake dr bank mandiri","tweets_""DR Bank"" OR #DRBank.csv",Bankwell Bank,,,
,"@tanyakanrl Ada sodara, umur dah 39, masih bujangan dan rasa2nya cuma pernah pacaran pas umur 20an dan ga ada kabar lagi. Bukan gay, tapi waktunya dia habis buat ngurus nyokapnya di rumah yg disabilitas (anak yatim) dan terpaksa resign dr Bank. Skrg dia usaha online sembari jaga ortu.","tweets_""DR Bank"" OR #DRBank.csv",Bankwell Bank,,,
,pembayaran jdnya bs dr bank lain kah? atau harus bca?,"tweets_""DR Bank"" OR #DRBank.csv",Bankwell Bank,,,
,RT @Nataputra12174: @kadrunmampos Sama kaya tetangga gw..keluar dr bank..keuangan susah minta kerjaan ke gw .gw bilang loe mau jadi sales g‚Ä¶,"tweets_""DR Bank"" OR #DRBank.csv",Bankwell Bank,,,
,@tanyakanrl Ya jujurly gabisa.. Kalo tf dr bank ya pergi ke banklah tp pasti ribet dan kluar lebih dr itu nalah krna urus ini itu,"tweets_""DR Bank"" OR #DRBank.csv",Bankwell Bank,,,
,@kadrunmampos Sama kaya tetangga gw..keluar dr bank..keuangan susah minta kerjaan ke gw .gw bilang loe mau jadi sales gak? N jawab nya usaha loe riba gak? Habis itu malah pinjam uang sampai hari ini ga di kembalikan tiap di tagih malah kasih dalil..anjing‚Ä¶..,"tweets_""DR Bank"" OR #DRBank.csv",Bankwell Bank,,,
,@Ad212ulL Duit tu pun asal transaksi dr bank. Semua product jual online kot. Tkde transaksi cash pun. Bykkn bersangka baik. Allah Maha Mengetahui,"tweets_""DR Bank"" OR #DRBank.csv",Bankwell Bank,,,
,"sepupu gue dpt uang baru yg dituker sm pacarnya. sedangkan kami cmn dpt ule aja dr bank. trs nyokap bilang: lebaran tanpa uang baru kaya gak ada semangat2nya. dia aja dpt uang baru.

rada kesel pagi2 bilang kaya gitu. uangnya mau gue setrika biar jd baru apa?","tweets_""DR Bank"" OR #DRBank.csv",Bankwell Bank,,,
,"@mandiricare kak barusan aku transfer dr bank lain, keterangannya sdh berhasil tp saldonya belum masuk ke mandiri aku, gimana ya?","tweets_""DR Bank"" OR #DRBank.csv",Bankwell Bank,,,
,NAACP. Bankwell Bank. CDC. Empower. https://t.co/s3xXmJ905Z,tweets_Bankwell Bank.csv,Bankwell Bank,,,
,"Sponsored Content: Scammers are evolving, making it crucial for businesses to stay vigilant in protecting their assets. How do you defend your business against these evolving threats? Find out with Chelsea Groton Bank. 

https://t.co/sXxYeJ54uv https://t.co/R37KCbWwW7","tweets_""Chelsea Groton Bank"" OR #ChelseaGrotonBank.csv",Bankwell Bank,,,
,NAACP. Bankwell Bank. CDC. Empower. https://t.co/s3xXmJ905Z,"tweets_""Bankwell Bank"" OR #BankwellBank.csv",Bankwell Bank,,,
,"RT @Coach_CastilloJ: It‚Äôs come down to the last hour. If you haven‚Äôt voted today, please click on the link below and vote for our girl, Bec‚Ä¶","tweets_""Fairfield County Bank"" OR #FairfieldCountyBank.csv",Fairfield County Bank,,,
,"It‚Äôs come down to the last hour. If you haven‚Äôt voted today, please click on the link below and vote for our girl, Becca Sexton. 

Feel free to share with others. 
https://t.co/HIhTvJXpKw","tweets_""Fairfield County Bank"" OR #FairfieldCountyBank.csv",Fairfield County Bank,,,
,RT @DaveRuden: VOTE...We have five male and five female finalists for Ruden Report-Fairfield County Bank Male and Female Players of the Wee‚Ä¶,"tweets_""Fairfield County Bank"" OR #FairfieldCountyBank.csv",Fairfield County Bank,,,
,https://t.co/aJMehU6uxo,"tweets_""Fairfield County Bank"" OR #FairfieldCountyBank.csv",Fairfield County Bank,,,
,RT @NHSBearsBSBL: VOTE FOR XAVIER!! https://t.co/aUfNiymuvn,"tweets_""Fairfield County Bank"" OR #FairfieldCountyBank.csv",Fairfield County Bank,,,
,Vote For Male Player Of The Week https://t.co/36rIdhzsy1,"tweets_""Fairfield County Bank"" OR #FairfieldCountyBank.csv",Fairfield County Bank,,,
,"Vote for my son Xavier Gonzalez 
https://t.co/q5RA4hqeWW","tweets_""Fairfield County Bank"" OR #FairfieldCountyBank.csv",Fairfield County Bank,,,
,VOTE FOR XAVIER!! https://t.co/aUfNiymuvn,"tweets_""Fairfield County Bank"" OR #FairfieldCountyBank.csv",Fairfield County Bank,,,
,"VOTE...We have five male and five female finalists for Ruden Report-Fairfield County Bank Male and Female Players of the Week. The polls close at noon on Thursday, our POTW T shirts for the winners. https://t.co/hEydypUqeZ","tweets_""Fairfield County Bank"" OR #FairfieldCountyBank.csv",Fairfield County Bank,,,
,"First County Bank is excited to announce its participation in the Homeownership Assistance Program offered through the Federal Home Loan Bank of Boston.  To learn more about applying for these programs, speak with one of our Mortgage Loan Originators. https://t.co/mAWT7ZK7gj https://t.co/aB1hy6cW6Z","tweets_""First County Bank"" OR #FirstCountyBank.csv",First County Bank,,,
,TruStage IG. Northwest Community Bank. TransUnion. Webster Bank. https://t.co/utLcNcUwhQ,"tweets_""Northwest Community Bank"" OR #NorthwestCommunityBank.csv",Northwest Community Bank,,,
